{
  "duration": 107.89994692802429,
  "samples": 1171,
  "sample_rate": 10.852646672580173,
  "total_distance": 32.26890847572708,
  "position_range": {
    "x": [
      -6.784550048717292,
      2.1126846788792206
    ],
    "y": [
      -4.934633828753388,
      0.4968244497108972
    ],
    "z": [
      3.093050626947233,
      3.509026099886397
    ]
  },
  "orientation_stats": {
    "roll": {
      "mean": -126.90361668591322,
      "std": 106.11829666134503,
      "range": [
        -179.99907213244714,
        179.9779143564038
      ]
    },
    "pitch": {
      "mean": 0.43819556538868126,
      "std": 24.711937773367676,
      "range": [
        -87.75117492434146,
        82.3128726043587
      ]
    },
    "yaw": {
      "mean": 120.0373686614151,
      "std": 6.967281729619189,
      "range": [
        96.39562984453585,
        134.72498731229206
      ]
    }
  },
  "sensor_noise": {
    "accel_x_std": 2.196522375803534,
    "accel_y_std": 2.748935892920658,
    "accel_z_std": 2.7679218657956275,
    "gyro_x_std": 0.18765174468714774,
    "gyro_y_std": 0.18363350382491941,
    "gyro_z_std": 0.13094052758905358
  },
  "covariance": {
    "initial": 1.6429576307821645,
    "final": 0.1235307121320319,
    "mean": 0.13596500010917342,
    "converged": "True"
  }
}