{
  "duration": 49.631202697753906,
  "samples": 555,
  "sample_rate": 11.182481379302075,
  "total_distance": 0.0,
  "position_range": {
    "x": [
      0.0,
      0.0
    ],
    "y": [
      0.0,
      0.0
    ],
    "z": [
      3.745915848966424,
      4.102017991316926
    ]
  },
  "orientation_stats": {
    "roll": {
      "mean": 0.0799483926192683,
      "std": 0.00019305365042242878,
      "range": [
        0.07602139866701843,
        0.0799639792846682
      ]
    },
    "pitch": {
      "mean": -0.006497990435978719,
      "std": 1.569078193448388e-05,
      "range": [
        -0.006499257270150225,
        -0.006178816948697446
      ]
    },
    "yaw": {
      "mean": 115.68925881378468,
      "std": 3.642210255010217,
      "range": [
        58.114311327645495,
        116.22154458939178
      ]
    }
  },
  "sensor_noise": {
    "accel_x_std": 8.889811116124403e-16,
    "accel_y_std": 1.5279362855838817e-15,
    "accel_z_std": 6.934052670577034e-14,
    "gyro_x_std": 1.5626621102562426e-17,
    "gyro_y_std": 2.3874004462248153e-18,
    "gyro_z_std": 1.3456257060539868e-17
  },
  "covariance": {
    "initial": 1.693211947650804,
    "final": 0.1327286243368372,
    "mean": 0.15806994963183313,
    "converged": "True"
  }
}